Color,Country,Deliver,Product,Size,TimeStemp
White,Us,Currently unavailable,IphoneXr,64GB,2018-09-15
White,Us,Currently unavailable,IphoneXr,128GB,2018-09-15
White,Us,Currently unavailable,IphoneXr,256GB,2018-09-15
Black,Us,Currently unavailable,IphoneXr,64GB,2018-09-15
Black,Us,Currently unavailable,IphoneXr,128GB,2018-09-15
Black,Us,Currently unavailable,IphoneXr,256GB,2018-09-15
Blue,Us,Currently unavailable,IphoneXr,64GB,2018-09-15
Blue,Us,Currently unavailable,IphoneXr,128GB,2018-09-15
Blue,Us,Currently unavailable,IphoneXr,256GB,2018-09-15
Yellow,Us,Currently unavailable,IphoneXr,64GB,2018-09-15
Yellow,Us,Currently unavailable,IphoneXr,128GB,2018-09-15
Yellow,Us,Currently unavailable,IphoneXr,256GB,2018-09-15
Coral,Us,Currently unavailable,IphoneXr,64GB,2018-09-15
Coral,Us,Currently unavailable,IphoneXr,128GB,2018-09-15
Coral,Us,Currently unavailable,IphoneXr,256GB,2018-09-15
Red,Us,Currently unavailable,IphoneXr,64GB,2018-09-15
Red,Us,Currently unavailable,IphoneXr,128GB,2018-09-15
Red,Us,Currently unavailable,IphoneXr,256GB,2018-09-15
Silver,Us,1–2 weeks,IphoneXs-Max,64GB,2018-09-15
Silver,Us,1–2 weeks,IphoneXs-Max,256GB,2018-09-15
Silver,Us,1–2 weeks,IphoneXs-Max,512GB,2018-09-15
Gray,Us,1–2 weeks,IphoneXs-Max,64GB,2018-09-15
Gray,Us,1–2 weeks,IphoneXs-Max,256GB,2018-09-15
Gray,Us,1–2 weeks,IphoneXs-Max,512GB,2018-09-15
Gold,Us,1–2 weeks,IphoneXs-Max,64GB,2018-09-15
Gold,Us,1–2 weeks,IphoneXs-Max,256GB,2018-09-15
Gold,Us,1–2 weeks,IphoneXs-Max,512GB,2018-09-15
Silver,Us,2–3 weeks,IphoneXs,64GB,2018-09-15
Silver,Us,Delivers Sep 21,IphoneXs,256GB,2018-09-15
Silver,Us,Delivers Sep 21,IphoneXs,512GB,2018-09-15
Gray,Us,Delivers Sep 21,IphoneXs,64GB,2018-09-15
Gray,Us,Delivers Sep 21,IphoneXs,256GB,2018-09-15
Gray,Us,Delivers Sep 21,IphoneXs,512GB,2018-09-15
Gold,Us,1–2 weeks,IphoneXs,64GB,2018-09-15
Gold,Us,Delivers Sep 21,IphoneXs,256GB,2018-09-15
Gold,Us,Delivers Sep 21,IphoneXs,512GB,2018-09-15
Silver,Us,In Stock,Iphone8-plus,64GB,2018-09-15
Silver,Us,In Stock,Iphone8-plus,256GB,2018-09-15
Gold,Us,In Stock,Iphone8-plus,64GB,2018-09-15
Gold,Us,In Stock,Iphone8-plus,256GB,2018-09-15
Gray,Us,In Stock,Iphone8-plus,64GB,2018-09-15
Gray,Us,In Stock,Iphone8-plus,256GB,2018-09-15
Silver,Us,In Stock,Iphone8,64GB,2018-09-15
Silver,Us,In Stock,Iphone8,256GB,2018-09-15
Gold,Us,In Stock,Iphone8,64GB,2018-09-15
Gold,Us,In Stock,Iphone8,256GB,2018-09-15
Gray,Us,In Stock,Iphone8,64GB,2018-09-15
Gray,Us,In Stock,Iphone8,256GB,2018-09-15
Silver,Tw,1-2 週,IphoneXs-Max,64GB,2018-09-15
Silver,Tw,1-2 週,IphoneXs-Max,256GB,2018-09-15
Silver,Tw,1-2 週,IphoneXs-Max,512GB,2018-09-15
Gray,Tw,1-2 週,IphoneXs-Max,64GB,2018-09-15
Gray,Tw,1-2 週,IphoneXs-Max,256GB,2018-09-15
Gray,Tw,1-2 週,IphoneXs-Max,512GB,2018-09-15
Gold,Tw,1-2 週,IphoneXs-Max,64GB,2018-09-15
Gold,Tw,1-2 週,IphoneXs-Max,256GB,2018-09-15
Gold,Tw,1-2 週,IphoneXs-Max,512GB,2018-09-15
Silver,Cn,1-2 周,IphoneXs-Max,64GB,2018-09-15
Silver,Cn,1-2 周,IphoneXs-Max,256GB,2018-09-15
Silver,Cn,1-2 周,IphoneXs-Max,512GB,2018-09-15
Gray,Cn,1-2 周,IphoneXs-Max,64GB,2018-09-15
Gray,Cn,1-2 周,IphoneXs-Max,256GB,2018-09-15
Gray,Cn,1-2 周,IphoneXs-Max,512GB,2018-09-15
Gold,Cn,1-2 周,IphoneXs-Max,64GB,2018-09-15
Gold,Cn,1-2 周,IphoneXs-Max,256GB,2018-09-15
Gold,Cn,1-2 周,IphoneXs-Max,512GB,2018-09-15
Silver,Jp,1〜2週間,IphoneXs-Max,64GB,2018-09-15
Silver,Jp,1〜2週間,IphoneXs-Max,256GB,2018-09-15
Silver,Jp,1〜2週間,IphoneXs-Max,512GB,2018-09-15
Gray,Jp,1〜2週間,IphoneXs-Max,64GB,2018-09-15
Gray,Jp,1〜2週間,IphoneXs-Max,256GB,2018-09-15
Gray,Jp,1〜2週間,IphoneXs-Max,512GB,2018-09-15
Gold,Jp,1〜2週間,IphoneXs-Max,64GB,2018-09-15
Gold,Jp,1〜2週間,IphoneXs-Max,256GB,2018-09-15
Gold,Jp,1〜2週間,IphoneXs-Max,512GB,2018-09-15
Silver,Hk,26/09/2018 - 04/10/2018,IphoneXs-Max,64GB,2018-09-15
Silver,Hk,26/09/2018 - 04/10/2018,IphoneXs-Max,256GB,2018-09-15
Silver,Hk,26/09/2018 - 04/10/2018,IphoneXs-Max,512GB,2018-09-15
Gray,Hk,26/09/2018 - 04/10/2018,IphoneXs-Max,64GB,2018-09-15
Gray,Hk,26/09/2018 - 04/10/2018,IphoneXs-Max,256GB,2018-09-15
Gray,Hk,26/09/2018 - 04/10/2018,IphoneXs-Max,512GB,2018-09-15
Gold,Hk,26/09/2018 - 04/10/2018,IphoneXs-Max,64GB,2018-09-15
Gold,Hk,26/09/2018 - 04/10/2018,IphoneXs-Max,256GB,2018-09-15
Gold,Hk,26/09/2018 - 04/10/2018,IphoneXs-Max,512GB,2018-09-15
Silver,Uk,1-2 weeks,IphoneXs-Max,64GB,2018-09-15
Silver,Uk,1-2 weeks,IphoneXs-Max,256GB,2018-09-15
Silver,Uk,1-2 weeks,IphoneXs-Max,512GB,2018-09-15
Gray,Uk,1-2 weeks,IphoneXs-Max,64GB,2018-09-15
Gray,Uk,1-2 weeks,IphoneXs-Max,256GB,2018-09-15
Gray,Uk,1-2 weeks,IphoneXs-Max,512GB,2018-09-15
Gold,Uk,1-2 weeks,IphoneXs-Max,64GB,2018-09-15
Gold,Uk,1-2 weeks,IphoneXs-Max,256GB,2018-09-15
Gold,Uk,1-2 weeks,IphoneXs-Max,512GB,2018-09-15
Silver,De,1–2 Wochen,IphoneXs-Max,64GB,2018-09-15
Silver,De,1–2 Wochen,IphoneXs-Max,256GB,2018-09-15
Silver,De,Lieferung am 21.9.,IphoneXs-Max,512GB,2018-09-15
Gray,De,1–2 Wochen,IphoneXs-Max,64GB,2018-09-15
Gray,De,1–2 Wochen,IphoneXs-Max,256GB,2018-09-15
Gray,De,1–2 Wochen,IphoneXs-Max,512GB,2018-09-15
Gold,De,1–2 Wochen,IphoneXs-Max,64GB,2018-09-15
Gold,De,1–2 Wochen,IphoneXs-Max,256GB,2018-09-15
Gold,De,Lieferung am 21.9.,IphoneXs-Max,512GB,2018-09-15
Silver,Ru,В настоящее время недоступно,IphoneXs-Max,64GB,2018-09-15
Silver,Ru,В настоящее время недоступно,IphoneXs-Max,256GB,2018-09-15
Silver,Ru,В настоящее время недоступно,IphoneXs-Max,512GB,2018-09-15
Gray,Ru,В настоящее время недоступно,IphoneXs-Max,64GB,2018-09-15
Gray,Ru,В настоящее время недоступно,IphoneXs-Max,256GB,2018-09-15
Gray,Ru,В настоящее время недоступно,IphoneXs-Max,512GB,2018-09-15
Gold,Ru,В настоящее время недоступно,IphoneXs-Max,64GB,2018-09-15
Gold,Ru,В настоящее время недоступно,IphoneXs-Max,256GB,2018-09-15
Gold,Ru,В настоящее время недоступно,IphoneXs-Max,512GB,2018-09-15
Silver,Fr,1 à 2 semaines,IphoneXs-Max,64GB,2018-09-15
Silver,Fr,1 à 2 semaines,IphoneXs-Max,256GB,2018-09-15
Silver,Fr,Livraison le 21/9,IphoneXs-Max,512GB,2018-09-15
Gray,Fr,1 à 2 semaines,IphoneXs-Max,64GB,2018-09-15
Gray,Fr,1 à 2 semaines,IphoneXs-Max,256GB,2018-09-15
Gray,Fr,Livraison le 21/9,IphoneXs-Max,512GB,2018-09-15
Gold,Fr,1 à 2 semaines,IphoneXs-Max,64GB,2018-09-15
Gold,Fr,1 à 2 semaines,IphoneXs-Max,256GB,2018-09-15
Gold,Fr,Livraison le 21/9,IphoneXs-Max,512GB,2018-09-15
Silver,Sg,Delivers 21 Sep,IphoneXs-Max,64GB,2018-09-15
Silver,Sg,Delivers 21 Sep,IphoneXs-Max,256GB,2018-09-15
Silver,Sg,Delivers 21 Sep,IphoneXs-Max,512GB,2018-09-15
Gray,Sg,Delivers 21 Sep,IphoneXs-Max,64GB,2018-09-15
Gray,Sg,1-2 weeks,IphoneXs-Max,256GB,2018-09-15
Gray,Sg,1-2 weeks,IphoneXs-Max,512GB,2018-09-15
Gold,Sg,1-2 weeks,IphoneXs-Max,64GB,2018-09-15
Gold,Sg,1-2 weeks,IphoneXs-Max,256GB,2018-09-15
Gold,Sg,1-2 weeks,IphoneXs-Max,512GB,2018-09-15
Silver,Tw,1-2 週,IphoneXs,64GB,2018-09-15
Silver,Tw,1-2 週,IphoneXs,256GB,2018-09-15
Silver,Tw,1-2 週,IphoneXs,512GB,2018-09-15
Gray,Tw,1-2 週,IphoneXs,64GB,2018-09-15
Gray,Tw,1-2 週,IphoneXs,256GB,2018-09-15
Gray,Tw,1-2 週,IphoneXs,512GB,2018-09-15
Gold,Tw,部分地區 9 月 21 日送達,IphoneXs,64GB,2018-09-15
Gold,Tw,1-2 週,IphoneXs,256GB,2018-09-15
Gold,Tw,1-2 週,IphoneXs,512GB,2018-09-15
Silver,Cn,1-2 周,IphoneXs,64GB,2018-09-15
Silver,Cn,1-2 周,IphoneXs,256GB,2018-09-15
Silver,Cn,1-2 周,IphoneXs,512GB,2018-09-15
Gray,Cn,1-2 周,IphoneXs,64GB,2018-09-15
Gray,Cn,1-2 周,IphoneXs,256GB,2018-09-15
Gray,Cn,1-2 周,IphoneXs,512GB,2018-09-15
Gold,Cn,9 月 21 日送达 (仅限部分地区),IphoneXs,64GB,2018-09-15
Gold,Cn,9 月 21 日送达 (仅限部分地区),IphoneXs,256GB,2018-09-15
Gold,Cn,1-2 周,IphoneXs,512GB,2018-09-15
Silver,Jp,9/21にお届け,IphoneXs,64GB,2018-09-15
Silver,Jp,1〜2週間,IphoneXs,256GB,2018-09-15
Silver,Jp,1〜2週間,IphoneXs,512GB,2018-09-15
Gray,Jp,1〜2週間,IphoneXs,64GB,2018-09-15
Gray,Jp,1〜2週間,IphoneXs,256GB,2018-09-15
Gray,Jp,1〜2週間,IphoneXs,512GB,2018-09-15
Gold,Jp,9/21にお届け,IphoneXs,64GB,2018-09-15
Gold,Jp,1〜2週間,IphoneXs,256GB,2018-09-15
Gold,Jp,1〜2週間,IphoneXs,512GB,2018-09-15
Silver,Hk,22/09/2018 - 27/09/2018,IphoneXs,64GB,2018-09-15
Silver,Hk,26/09/2018 - 04/10/2018,IphoneXs,256GB,2018-09-15
Silver,Hk,26/09/2018 - 04/10/2018,IphoneXs,512GB,2018-09-15
Gray,Hk,22/09/2018 - 27/09/2018,IphoneXs,64GB,2018-09-15
Gray,Hk,26/09/2018 - 04/10/2018,IphoneXs,256GB,2018-09-15
Gray,Hk,26/09/2018 - 04/10/2018,IphoneXs,512GB,2018-09-15
Gold,Hk,22/09/2018 - 27/09/2018,IphoneXs,64GB,2018-09-15
Gold,Hk,22/09/2018 - 27/09/2018,IphoneXs,256GB,2018-09-15
Gold,Hk,22/09/2018 - 27/09/2018,IphoneXs,512GB,2018-09-15
Silver,Uk,1-2 weeks,IphoneXs,64GB,2018-09-15
Silver,Uk,Delivers 21 Sep,IphoneXs,256GB,2018-09-15
Silver,Uk,Delivers 21 Sep,IphoneXs,512GB,2018-09-15
Gray,Uk,1-2 weeks,IphoneXs,64GB,2018-09-15
Gray,Uk,1-2 weeks,IphoneXs,256GB,2018-09-15
Gray,Uk,1-2 weeks,IphoneXs,512GB,2018-09-15
Gold,Uk,1-2 weeks,IphoneXs,64GB,2018-09-15
Gold,Uk,Delivers 21 Sep,IphoneXs,256GB,2018-09-15
Gold,Uk,Delivers 21 Sep,IphoneXs,512GB,2018-09-15
Silver,De,1–2 Wochen,IphoneXs,64GB,2018-09-15
Silver,De,Lieferung am 21.9.,IphoneXs,256GB,2018-09-15
Silver,De,Lieferung am 21.9.,IphoneXs,512GB,2018-09-15
Gray,De,1–2 Wochen,IphoneXs,64GB,2018-09-15
Gray,De,1–2 Wochen,IphoneXs,256GB,2018-09-15
Gray,De,Lieferung am 21.9.,IphoneXs,512GB,2018-09-15
Gold,De,1–2 Wochen,IphoneXs,64GB,2018-09-15
Gold,De,Lieferung am 21.9.,IphoneXs,256GB,2018-09-15
Gold,De,Lieferung am 21.9.,IphoneXs,512GB,2018-09-15
Silver,Ru,В настоящее время недоступно,IphoneXs,64GB,2018-09-15
Silver,Ru,В настоящее время недоступно,IphoneXs,256GB,2018-09-15
Silver,Ru,В настоящее время недоступно,IphoneXs,512GB,2018-09-15
Gray,Ru,В настоящее время недоступно,IphoneXs,64GB,2018-09-15
Gray,Ru,В настоящее время недоступно,IphoneXs,256GB,2018-09-15
Gray,Ru,В настоящее время недоступно,IphoneXs,512GB,2018-09-15
Gold,Ru,В настоящее время недоступно,IphoneXs,64GB,2018-09-15
Gold,Ru,В настоящее время недоступно,IphoneXs,256GB,2018-09-15
Gold,Ru,В настоящее время недоступно,IphoneXs,512GB,2018-09-15
Silver,Fr,1 à 2 semaines,IphoneXs,64GB,2018-09-15
Silver,Fr,Livraison le 21/9,IphoneXs,256GB,2018-09-15
Silver,Fr,Livraison le 21/9,IphoneXs,512GB,2018-09-15
Gray,Fr,1 à 2 semaines,IphoneXs,64GB,2018-09-15
Gray,Fr,1 à 2 semaines,IphoneXs,256GB,2018-09-15
Gray,Fr,Livraison le 21/9,IphoneXs,512GB,2018-09-15
Gold,Fr,1 à 2 semaines,IphoneXs,64GB,2018-09-15
Gold,Fr,Livraison le 21/9,IphoneXs,256GB,2018-09-15
Gold,Fr,Livraison le 21/9,IphoneXs,512GB,2018-09-15
Silver,Sg,Delivers 21 Sep,IphoneXs,64GB,2018-09-15
Silver,Sg,Delivers 21 Sep,IphoneXs,256GB,2018-09-15
Silver,Sg,Delivers 21 Sep,IphoneXs,512GB,2018-09-15
Gray,Sg,Delivers 21 Sep,IphoneXs,64GB,2018-09-15
Gray,Sg,Delivers 21 Sep,IphoneXs,256GB,2018-09-15
Gray,Sg,Delivers 21 Sep,IphoneXs,512GB,2018-09-15
Gold,Sg,Delivers 21 Sep,IphoneXs,64GB,2018-09-15
Gold,Sg,Delivers 21 Sep,IphoneXs,256GB,2018-09-15
Gold,Sg,Delivers 21 Sep,IphoneXs,512GB,2018-09-15
White,Tw,暫未發售,IphoneXr,64GB,2018-09-15
White,Tw,暫未發售,IphoneXr,128GB,2018-09-15
White,Tw,暫未發售,IphoneXr,256GB,2018-09-15
Black,Tw,暫未發售,IphoneXr,64GB,2018-09-15
Black,Tw,暫未發售,IphoneXr,128GB,2018-09-15
Black,Tw,暫未發售,IphoneXr,256GB,2018-09-15
Blue,Tw,暫未發售,IphoneXr,64GB,2018-09-15
Blue,Tw,暫未發售,IphoneXr,128GB,2018-09-15
Blue,Tw,暫未發售,IphoneXr,256GB,2018-09-15
Yellow,Tw,暫未發售,IphoneXr,64GB,2018-09-15
Yellow,Tw,暫未發售,IphoneXr,128GB,2018-09-15
Yellow,Tw,暫未發售,IphoneXr,256GB,2018-09-15
Coral,Tw,暫未發售,IphoneXr,64GB,2018-09-15
Coral,Tw,暫未發售,IphoneXr,128GB,2018-09-15
Coral,Tw,暫未發售,IphoneXr,256GB,2018-09-15
Red,Tw,暫未發售,IphoneXr,64GB,2018-09-15
Red,Tw,暫未發售,IphoneXr,128GB,2018-09-15
Red,Tw,暫未發售,IphoneXr,256GB,2018-09-15
White,Cn,暂未发售,IphoneXr,64GB,2018-09-15
White,Cn,暂未发售,IphoneXr,128GB,2018-09-15
White,Cn,暂未发售,IphoneXr,256GB,2018-09-15
Black,Cn,暂未发售,IphoneXr,64GB,2018-09-15
Black,Cn,暂未发售,IphoneXr,128GB,2018-09-15
Black,Cn,暂未发售,IphoneXr,256GB,2018-09-15
Blue,Cn,暂未发售,IphoneXr,64GB,2018-09-15
Blue,Cn,暂未发售,IphoneXr,128GB,2018-09-15
Blue,Cn,暂未发售,IphoneXr,256GB,2018-09-15
Yellow,Cn,暂未发售,IphoneXr,64GB,2018-09-15
Yellow,Cn,暂未发售,IphoneXr,128GB,2018-09-15
Yellow,Cn,暂未发售,IphoneXr,256GB,2018-09-15
Coral,Cn,暂未发售,IphoneXr,64GB,2018-09-15
Coral,Cn,暂未发售,IphoneXr,128GB,2018-09-15
Coral,Cn,暂未发售,IphoneXr,256GB,2018-09-15
Red,Cn,暂未发售,IphoneXr,64GB,2018-09-15
Red,Cn,暂未发售,IphoneXr,128GB,2018-09-15
Red,Cn,暂未发售,IphoneXr,256GB,2018-09-15
White,Jp,現在注文できません,IphoneXr,64GB,2018-09-15
White,Jp,現在注文できません,IphoneXr,128GB,2018-09-15
White,Jp,現在注文できません,IphoneXr,256GB,2018-09-15
Black,Jp,現在注文できません,IphoneXr,64GB,2018-09-15
Black,Jp,現在注文できません,IphoneXr,128GB,2018-09-15
Black,Jp,現在注文できません,IphoneXr,256GB,2018-09-15
Blue,Jp,現在注文できません,IphoneXr,64GB,2018-09-15
Blue,Jp,現在注文できません,IphoneXr,128GB,2018-09-15
Blue,Jp,現在注文できません,IphoneXr,256GB,2018-09-15
Yellow,Jp,現在注文できません,IphoneXr,64GB,2018-09-15
Yellow,Jp,現在注文できません,IphoneXr,128GB,2018-09-15
Yellow,Jp,現在注文できません,IphoneXr,256GB,2018-09-15
Coral,Jp,現在注文できません,IphoneXr,64GB,2018-09-15
Coral,Jp,現在注文できません,IphoneXr,128GB,2018-09-15
Coral,Jp,現在注文できません,IphoneXr,256GB,2018-09-15
Red,Jp,現在注文できません,IphoneXr,64GB,2018-09-15
Red,Jp,現在注文できません,IphoneXr,128GB,2018-09-15
Red,Jp,現在注文できません,IphoneXr,256GB,2018-09-15
White,Hk,Currently unavailable,IphoneXr,64GB,2018-09-15
White,Hk,Currently unavailable,IphoneXr,128GB,2018-09-15
White,Hk,Currently unavailable,IphoneXr,256GB,2018-09-15
Black,Hk,Currently unavailable,IphoneXr,64GB,2018-09-15
Black,Hk,Currently unavailable,IphoneXr,128GB,2018-09-15
Black,Hk,Currently unavailable,IphoneXr,256GB,2018-09-15
Blue,Hk,Currently unavailable,IphoneXr,64GB,2018-09-15
Blue,Hk,Currently unavailable,IphoneXr,128GB,2018-09-15
Blue,Hk,Currently unavailable,IphoneXr,256GB,2018-09-15
Yellow,Hk,Currently unavailable,IphoneXr,64GB,2018-09-15
Yellow,Hk,Currently unavailable,IphoneXr,128GB,2018-09-15
Yellow,Hk,Currently unavailable,IphoneXr,256GB,2018-09-15
Coral,Hk,Currently unavailable,IphoneXr,64GB,2018-09-15
Coral,Hk,Currently unavailable,IphoneXr,128GB,2018-09-15
Coral,Hk,Currently unavailable,IphoneXr,256GB,2018-09-15
Red,Hk,Currently unavailable,IphoneXr,64GB,2018-09-15
Red,Hk,Currently unavailable,IphoneXr,128GB,2018-09-15
Red,Hk,Currently unavailable,IphoneXr,256GB,2018-09-15
White,Uk,Currently unavailable,IphoneXr,64GB,2018-09-15
White,Uk,Currently unavailable,IphoneXr,128GB,2018-09-15
White,Uk,Currently unavailable,IphoneXr,256GB,2018-09-15
Black,Uk,Currently unavailable,IphoneXr,64GB,2018-09-15
Black,Uk,Currently unavailable,IphoneXr,128GB,2018-09-15
Black,Uk,Currently unavailable,IphoneXr,256GB,2018-09-15
Blue,Uk,Currently unavailable,IphoneXr,64GB,2018-09-15
Blue,Uk,Currently unavailable,IphoneXr,128GB,2018-09-15
Blue,Uk,Currently unavailable,IphoneXr,256GB,2018-09-15
Yellow,Uk,Currently unavailable,IphoneXr,64GB,2018-09-15
Yellow,Uk,Currently unavailable,IphoneXr,128GB,2018-09-15
Yellow,Uk,Currently unavailable,IphoneXr,256GB,2018-09-15
Coral,Uk,Currently unavailable,IphoneXr,64GB,2018-09-15
Coral,Uk,Currently unavailable,IphoneXr,128GB,2018-09-15
Coral,Uk,Currently unavailable,IphoneXr,256GB,2018-09-15
Red,Uk,Currently unavailable,IphoneXr,64GB,2018-09-15
Red,Uk,Currently unavailable,IphoneXr,128GB,2018-09-15
Red,Uk,Currently unavailable,IphoneXr,256GB,2018-09-15
White,De,Derzeit nicht verfügbar,IphoneXr,64GB,2018-09-15
White,De,Derzeit nicht verfügbar,IphoneXr,128GB,2018-09-15
White,De,Derzeit nicht verfügbar,IphoneXr,256GB,2018-09-15
Black,De,Derzeit nicht verfügbar,IphoneXr,64GB,2018-09-15
Black,De,Derzeit nicht verfügbar,IphoneXr,128GB,2018-09-15
Black,De,Derzeit nicht verfügbar,IphoneXr,256GB,2018-09-15
Blue,De,Derzeit nicht verfügbar,IphoneXr,64GB,2018-09-15
Blue,De,Derzeit nicht verfügbar,IphoneXr,128GB,2018-09-15
Blue,De,Derzeit nicht verfügbar,IphoneXr,256GB,2018-09-15
Yellow,De,Derzeit nicht verfügbar,IphoneXr,64GB,2018-09-15
Yellow,De,Derzeit nicht verfügbar,IphoneXr,128GB,2018-09-15
Yellow,De,Derzeit nicht verfügbar,IphoneXr,256GB,2018-09-15
Coral,De,Derzeit nicht verfügbar,IphoneXr,64GB,2018-09-15
Coral,De,Derzeit nicht verfügbar,IphoneXr,128GB,2018-09-15
Coral,De,Derzeit nicht verfügbar,IphoneXr,256GB,2018-09-15
Red,De,Derzeit nicht verfügbar,IphoneXr,64GB,2018-09-15
Red,De,Derzeit nicht verfügbar,IphoneXr,128GB,2018-09-15
Red,De,Derzeit nicht verfügbar,IphoneXr,256GB,2018-09-15
White,Ru,В настоящее время недоступно,IphoneXr,64GB,2018-09-15
White,Ru,В настоящее время недоступно,IphoneXr,128GB,2018-09-15
White,Ru,В настоящее время недоступно,IphoneXr,256GB,2018-09-15
Black,Ru,В настоящее время недоступно,IphoneXr,64GB,2018-09-15
Black,Ru,В настоящее время недоступно,IphoneXr,128GB,2018-09-15
Black,Ru,В настоящее время недоступно,IphoneXr,256GB,2018-09-15
Blue,Ru,В настоящее время недоступно,IphoneXr,64GB,2018-09-15
Blue,Ru,В настоящее время недоступно,IphoneXr,128GB,2018-09-15
Blue,Ru,В настоящее время недоступно,IphoneXr,256GB,2018-09-15
Yellow,Ru,В настоящее время недоступно,IphoneXr,64GB,2018-09-15
Yellow,Ru,В настоящее время недоступно,IphoneXr,128GB,2018-09-15
Yellow,Ru,В настоящее время недоступно,IphoneXr,256GB,2018-09-15
Coral,Ru,В настоящее время недоступно,IphoneXr,64GB,2018-09-15
Coral,Ru,В настоящее время недоступно,IphoneXr,128GB,2018-09-15
Coral,Ru,В настоящее время недоступно,IphoneXr,256GB,2018-09-15
Red,Ru,В настоящее время недоступно,IphoneXr,64GB,2018-09-15
Red,Ru,В настоящее время недоступно,IphoneXr,128GB,2018-09-15
Red,Ru,В настоящее время недоступно,IphoneXr,256GB,2018-09-15
White,Fr,Non disponible actuellement,IphoneXr,64GB,2018-09-15
White,Fr,Non disponible actuellement,IphoneXr,128GB,2018-09-15
White,Fr,Non disponible actuellement,IphoneXr,256GB,2018-09-15
Black,Fr,Non disponible actuellement,IphoneXr,64GB,2018-09-15
Black,Fr,Non disponible actuellement,IphoneXr,128GB,2018-09-15
Black,Fr,Non disponible actuellement,IphoneXr,256GB,2018-09-15
Blue,Fr,Non disponible actuellement,IphoneXr,64GB,2018-09-15
Blue,Fr,Non disponible actuellement,IphoneXr,128GB,2018-09-15
Blue,Fr,Non disponible actuellement,IphoneXr,256GB,2018-09-15
Yellow,Fr,Non disponible actuellement,IphoneXr,64GB,2018-09-15
Yellow,Fr,Non disponible actuellement,IphoneXr,128GB,2018-09-15
Yellow,Fr,Non disponible actuellement,IphoneXr,256GB,2018-09-15
Coral,Fr,Non disponible actuellement,IphoneXr,64GB,2018-09-15
Coral,Fr,Non disponible actuellement,IphoneXr,128GB,2018-09-15
Coral,Fr,Non disponible actuellement,IphoneXr,256GB,2018-09-15
Red,Fr,Non disponible actuellement,IphoneXr,64GB,2018-09-15
Red,Fr,Non disponible actuellement,IphoneXr,128GB,2018-09-15
Red,Fr,Non disponible actuellement,IphoneXr,256GB,2018-09-15
White,Sg,Currently unavailable,IphoneXr,64GB,2018-09-15
White,Sg,Currently unavailable,IphoneXr,128GB,2018-09-15
White,Sg,Currently unavailable,IphoneXr,256GB,2018-09-15
Black,Sg,Currently unavailable,IphoneXr,64GB,2018-09-15
Black,Sg,Currently unavailable,IphoneXr,128GB,2018-09-15
Black,Sg,Currently unavailable,IphoneXr,256GB,2018-09-15
Blue,Sg,Currently unavailable,IphoneXr,64GB,2018-09-15
Blue,Sg,Currently unavailable,IphoneXr,128GB,2018-09-15
Blue,Sg,Currently unavailable,IphoneXr,256GB,2018-09-15
Yellow,Sg,Currently unavailable,IphoneXr,64GB,2018-09-15
Yellow,Sg,Currently unavailable,IphoneXr,128GB,2018-09-15
Yellow,Sg,Currently unavailable,IphoneXr,256GB,2018-09-15
Coral,Sg,Currently unavailable,IphoneXr,64GB,2018-09-15
Coral,Sg,Currently unavailable,IphoneXr,128GB,2018-09-15
Coral,Sg,Currently unavailable,IphoneXr,256GB,2018-09-15
Red,Sg,Currently unavailable,IphoneXr,64GB,2018-09-15
Red,Sg,Currently unavailable,IphoneXr,128GB,2018-09-15
Red,Sg,Currently unavailable,IphoneXr,256GB,2018-09-15
Silver,Tw,1 個工作天,Iphone8-plus,64GB,2018-09-15
Silver,Tw,1 個工作天,Iphone8-plus,256GB,2018-09-15
Gray,Tw,1 個工作天,Iphone8-plus,64GB,2018-09-15
Gray,Tw,1 個工作天,Iphone8-plus,256GB,2018-09-15
Gold,Tw,1 個工作天,Iphone8-plus,64GB,2018-09-15
Gold,Tw,1 個工作天,Iphone8-plus,256GB,2018-09-15
Silver,Cn,1 个工作日,Iphone8-plus,64GB,2018-09-15
Silver,Cn,1 个工作日,Iphone8-plus,256GB,2018-09-15
Gold,Cn,1 个工作日,Iphone8-plus,64GB,2018-09-15
Gold,Cn,1 个工作日,Iphone8-plus,256GB,2018-09-15
Gray,Cn,1 个工作日,Iphone8-plus,64GB,2018-09-15
Gray,Cn,1 个工作日,Iphone8-plus,256GB,2018-09-15
Silver,Jp,1営業日,Iphone8-plus,64GB,2018-09-15
Silver,Jp,1営業日,Iphone8-plus,512GB,2018-09-15
Gold,Jp,1営業日,Iphone8-plus,64GB,2018-09-15
Gold,Jp,1営業日,Iphone8-plus,512GB,2018-09-15
Gray,Jp,1営業日,Iphone8-plus,64GB,2018-09-15
Gray,Jp,1営業日,Iphone8-plus,512GB,2018-09-15
Silver,Hk,Wed 19/09/2018,Iphone8-plus,64GB,2018-09-15
Silver,Hk,Wed 19/09/2018,Iphone8-plus,256GB,2018-09-15
Gold,Hk,Wed 19/09/2018,Iphone8-plus,64GB,2018-09-15
Gold,Hk,Wed 19/09/2018,Iphone8-plus,256GB,2018-09-15
Gray,Hk,Wed 19/09/2018,Iphone8-plus,64GB,2018-09-15
Gray,Hk,Wed 19/09/2018,Iphone8-plus,256GB,2018-09-15
Silver,Uk,1 business day,Iphone8-plus,64GB,2018-09-15
Silver,Uk,1 business day,Iphone8-plus,256GB,2018-09-15
Gold,Uk,1 business day,Iphone8-plus,64GB,2018-09-15
Gold,Uk,1 business day,Iphone8-plus,256GB,2018-09-15
Gray,Uk,1 business day,Iphone8-plus,64GB,2018-09-15
Gray,Uk,1 business day,Iphone8-plus,256GB,2018-09-15
Silver,De,1 Werktag,Iphone8-plus,64GB,2018-09-15
Silver,De,1 Werktag,Iphone8-plus,256GB,2018-09-15
Gold,De,1 Werktag,Iphone8-plus,64GB,2018-09-15
Gold,De,1 Werktag,Iphone8-plus,256GB,2018-09-15
Gray,De,1 Werktag,Iphone8-plus,64GB,2018-09-15
Gray,De,1 Werktag,Iphone8-plus,256GB,2018-09-15
Silver,Ru,1 рабочий день,Iphone8-plus,64GB,2018-09-15
Silver,Ru,1 рабочий день,Iphone8-plus,256GB,2018-09-15
Gold,Ru,1 рабочий день,Iphone8-plus,64GB,2018-09-15
Gold,Ru,1 рабочий день,Iphone8-plus,256GB,2018-09-15
Gray,Ru,1 рабочий день,Iphone8-plus,64GB,2018-09-15
Gray,Ru,1 рабочий день,Iphone8-plus,256GB,2018-09-15
Silver,Fr,1 jour ouvrable,Iphone8-plus,64GB,2018-09-15
Silver,Fr,1 jour ouvrable,Iphone8-plus,256GB,2018-09-15
Gold,Fr,1 jour ouvrable,Iphone8-plus,64GB,2018-09-15
Gold,Fr,1 jour ouvrable,Iphone8-plus,256GB,2018-09-15
Gray,Fr,1 jour ouvrable,Iphone8-plus,64GB,2018-09-15
Gray,Fr,1 jour ouvrable,Iphone8-plus,256GB,2018-09-15
Silver,Sg,1 business day,Iphone8-plus,64GB,2018-09-15
Silver,Sg,1 business day,Iphone8-plus,256GB,2018-09-15
Gold,Sg,1 business day,Iphone8-plus,64GB,2018-09-15
Gold,Sg,1 business day,Iphone8-plus,256GB,2018-09-15
Gray,Sg,1 business day,Iphone8-plus,64GB,2018-09-15
Gray,Sg,1 business day,Iphone8-plus,256GB,2018-09-15
Silver,Tw,1 個工作天,Iphone8,64GB,2018-09-15
Silver,Tw,1 個工作天,Iphone8,256GB,2018-09-15
Gold,Tw,1 個工作天,Iphone8,64GB,2018-09-15
Gold,Tw,1 個工作天,Iphone8,256GB,2018-09-15
Gray,Tw,1 個工作天,Iphone8,64GB,2018-09-15
Gray,Tw,1 個工作天,Iphone8,256GB,2018-09-15
Silver,Cn,1 个工作日,Iphone8,64GB,2018-09-15
Silver,Cn,1 个工作日,Iphone8,256GB,2018-09-15
Gold,Cn,1 个工作日,Iphone8,64GB,2018-09-15
Gold,Cn,1 个工作日,Iphone8,256GB,2018-09-15
Gray,Cn,1 个工作日,Iphone8,64GB,2018-09-15
Gray,Cn,1 个工作日,Iphone8,256GB,2018-09-15
Silver,Jp,1営業日,Iphone8,64GB,2018-09-15
Silver,Jp,1営業日,Iphone8,256GB,2018-09-15
Gold,Jp,1営業日,Iphone8,64GB,2018-09-15
Gold,Jp,1営業日,Iphone8,256GB,2018-09-15
Gray,Jp,1営業日,Iphone8,64GB,2018-09-15
Gray,Jp,1営業日,Iphone8,256GB,2018-09-15
Silver,Hk,Thu 20/09/2018,Iphone8,64GB,2018-09-15
Silver,Hk,Thu 20/09/2018,Iphone8,256GB,2018-09-15
Gold,Hk,Thu 20/09/2018,Iphone8,64GB,2018-09-15
Gold,Hk,Thu 20/09/2018,Iphone8,256GB,2018-09-15
Gray,Hk,Thu 20/09/2018,Iphone8,64GB,2018-09-15
Gray,Hk,Thu 20/09/2018,Iphone8,256GB,2018-09-15
Silver,Uk,1 business day,Iphone8,64GB,2018-09-15
Silver,Uk,1 business day,Iphone8,256GB,2018-09-15
Gold,Uk,1 business day,Iphone8,64GB,2018-09-15
Gold,Uk,1 business day,Iphone8,256GB,2018-09-15
Gray,Uk,1 business day,Iphone8,64GB,2018-09-15
Gray,Uk,1 business day,Iphone8,256GB,2018-09-15
Silver,De,1 Werktag,Iphone8,64GB,2018-09-15
Silver,De,1 Werktag,Iphone8,256GB,2018-09-15
Gold,De,1 Werktag,Iphone8,64GB,2018-09-15
Gold,De,1 Werktag,Iphone8,256GB,2018-09-15
Gray,De,1 Werktag,Iphone8,64GB,2018-09-15
Gray,De,1 Werktag,Iphone8,256GB,2018-09-15
Silver,Ru,1 рабочий день,Iphone8,64GB,2018-09-15
Silver,Ru,1 рабочий день,Iphone8,256GB,2018-09-15
Gold,Ru,1 рабочий день,Iphone8,64GB,2018-09-15
Gold,Ru,1 рабочий день,Iphone8,256GB,2018-09-15
Gray,Ru,1 рабочий день,Iphone8,64GB,2018-09-15
Gray,Ru,1 рабочий день,Iphone8,256GB,2018-09-15
Silver,Fr,1 jour ouvrable,Iphone8,64GB,2018-09-15
Silver,Fr,1 jour ouvrable,Iphone8,256GB,2018-09-15
Gold,Fr,1 jour ouvrable,Iphone8,64GB,2018-09-15
Gold,Fr,1 jour ouvrable,Iphone8,256GB,2018-09-15
Gray,Fr,1 jour ouvrable,Iphone8,64GB,2018-09-15
Gray,Fr,1 jour ouvrable,Iphone8,256GB,2018-09-15
Silver,Sg,1 business day,Iphone8,64GB,2018-09-15
Silver,Sg,1 business day,Iphone8,256GB,2018-09-15
Gold,Sg,1 business day,Iphone8,64GB,2018-09-15
Gold,Sg,1 business day,Iphone8,256GB,2018-09-15
Gray,Sg,1 business day,Iphone8,64GB,2018-09-15
Gray,Sg,1 business day,Iphone8,256GB,2018-09-15
White,Us,Currently unavailable,IphoneXr,64GB,2018-09-14
White,Us,Currently unavailable,IphoneXr,128GB,2018-09-14
White,Us,Currently unavailable,IphoneXr,256GB,2018-09-14
Black,Us,Currently unavailable,IphoneXr,64GB,2018-09-14
Black,Us,Currently unavailable,IphoneXr,128GB,2018-09-14
Black,Us,Currently unavailable,IphoneXr,256GB,2018-09-14
Blue,Us,Currently unavailable,IphoneXr,64GB,2018-09-14
Blue,Us,Currently unavailable,IphoneXr,128GB,2018-09-14
Blue,Us,Currently unavailable,IphoneXr,256GB,2018-09-14
Yellow,Us,Currently unavailable,IphoneXr,64GB,2018-09-14
Yellow,Us,Currently unavailable,IphoneXr,128GB,2018-09-14
Yellow,Us,Currently unavailable,IphoneXr,256GB,2018-09-14
Coral,Us,Currently unavailable,IphoneXr,64GB,2018-09-14
Coral,Us,Currently unavailable,IphoneXr,128GB,2018-09-14
Coral,Us,Currently unavailable,IphoneXr,256GB,2018-09-14
Red,Us,Currently unavailable,IphoneXr,64GB,2018-09-14
Red,Us,Currently unavailable,IphoneXr,128GB,2018-09-14
Red,Us,Currently unavailable,IphoneXr,256GB,2018-09-14
Silver,Us,Delivers Sep 21,IphoneXs-Max,64GB,2018-09-14
Silver,Us,Delivers Sep 21,IphoneXs-Max,256GB,2018-09-14
Silver,Us,1–2 weeks,IphoneXs-Max,512GB,2018-09-14
Gray,Us,Delivers Sep 21,IphoneXs-Max,64GB,2018-09-14
Gray,Us,Delivers Sep 21,IphoneXs-Max,256GB,2018-09-14
Gray,Us,2–3 weeks,IphoneXs-Max,512GB,2018-09-14
Gold,Us,Delivers Sep 21,IphoneXs-Max,64GB,2018-09-14
Gold,Us,Delivers Sep 21,IphoneXs-Max,256GB,2018-09-14
Gold,Us,1–2 weeks,IphoneXs-Max,512GB,2018-09-14
Silver,Us,Delivers Sep 21,IphoneXs,64GB,2018-09-14
Silver,Us,Delivers Sep 21,IphoneXs,256GB,2018-09-14
Silver,Us,Delivers Sep 21,IphoneXs,512GB,2018-09-14
Gray,Us,Delivers Sep 21,IphoneXs,64GB,2018-09-14
Gray,Us,Delivers Sep 21,IphoneXs,256GB,2018-09-14
Gray,Us,Delivers Sep 21,IphoneXs,512GB,2018-09-14
Gold,Us,Delivers Sep 21,IphoneXs,64GB,2018-09-14
Gold,Us,Delivers Sep 21,IphoneXs,256GB,2018-09-14
Gold,Us,Delivers Sep 21,IphoneXs,512GB,2018-09-14
Silver,Us,In Stock,Iphone8-plus,64GB,2018-09-14
Silver,Us,In Stock,Iphone8-plus,256GB,2018-09-14
Gold,Us,In Stock,Iphone8-plus,64GB,2018-09-14
Gold,Us,In Stock,Iphone8-plus,256GB,2018-09-14
Gray,Us,In Stock,Iphone8-plus,64GB,2018-09-14
Gray,Us,In Stock,Iphone8-plus,256GB,2018-09-14
Silver,Us,In Stock,Iphone8,64GB,2018-09-14
Silver,Us,In Stock,Iphone8,256GB,2018-09-14
Gold,Us,In Stock,Iphone8,64GB,2018-09-14
Gold,Us,In Stock,Iphone8,256GB,2018-09-14
Gray,Us,In Stock,Iphone8,64GB,2018-09-14
Gray,Us,In Stock,Iphone8,256GB,2018-09-14
Silver,Tw,部分地區 9 月 21 日送達,IphoneXs-Max,64GB,2018-09-14
Silver,Tw,部分地區 9 月 21 日送達,IphoneXs-Max,256GB,2018-09-14
Silver,Tw,2-3 週,IphoneXs-Max,512GB,2018-09-14
Gray,Tw,1-2 週,IphoneXs-Max,64GB,2018-09-14
Gray,Tw,1-2 週,IphoneXs-Max,256GB,2018-09-14
Gray,Tw,2-3 週,IphoneXs-Max,512GB,2018-09-14
Gold,Tw,1-2 週,IphoneXs-Max,64GB,2018-09-14
Gold,Tw,1-2 週,IphoneXs-Max,256GB,2018-09-14
Gold,Tw,2-3 週,IphoneXs-Max,512GB,2018-09-14
Silver,Cn,1-2 周,IphoneXs-Max,64GB,2018-09-14
Silver,Cn,1-2 周,IphoneXs-Max,256GB,2018-09-14
Silver,Cn,2-3 周,IphoneXs-Max,512GB,2018-09-14
Gray,Cn,1-2 周,IphoneXs-Max,64GB,2018-09-14
Gray,Cn,2-3 周,IphoneXs-Max,256GB,2018-09-14
Gray,Cn,2-3 周,IphoneXs-Max,512GB,2018-09-14
Gold,Cn,1-2 周,IphoneXs-Max,64GB,2018-09-14
Gold,Cn,2-3 周,IphoneXs-Max,256GB,2018-09-14
Gold,Cn,2-3 周,IphoneXs-Max,512GB,2018-09-14
Silver,Jp,9/21にお届け,IphoneXs-Max,64GB,2018-09-14
Silver,Jp,9/21にお届け,IphoneXs-Max,256GB,2018-09-14
Silver,Jp,2〜3週間,IphoneXs-Max,512GB,2018-09-14
Gray,Jp,1〜2週間,IphoneXs-Max,64GB,2018-09-14
Gray,Jp,1〜2週間,IphoneXs-Max,256GB,2018-09-14
Gray,Jp,2〜3週間,IphoneXs-Max,512GB,2018-09-14
Gold,Jp,1〜2週間,IphoneXs-Max,64GB,2018-09-14
Gold,Jp,1〜2週間,IphoneXs-Max,256GB,2018-09-14
Gold,Jp,2〜3週間,IphoneXs-Max,512GB,2018-09-14
Silver,Hk,03/10/2018 - 10/10/2018,IphoneXs-Max,64GB,2018-09-14
Silver,Hk,03/10/2018 - 10/10/2018,IphoneXs-Max,256GB,2018-09-14
Silver,Hk,03/10/2018 - 10/10/2018,IphoneXs-Max,512GB,2018-09-14
Gray,Hk,03/10/2018 - 10/10/2018,IphoneXs-Max,64GB,2018-09-14
Gray,Hk,03/10/2018 - 10/10/2018,IphoneXs-Max,256GB,2018-09-14
Gray,Hk,03/10/2018 - 10/10/2018,IphoneXs-Max,512GB,2018-09-14
Gold,Hk,03/10/2018 - 10/10/2018,IphoneXs-Max,64GB,2018-09-14
Gold,Hk,03/10/2018 - 10/10/2018,IphoneXs-Max,256GB,2018-09-14
Gold,Hk,03/10/2018 - 10/10/2018,IphoneXs-Max,512GB,2018-09-14
Silver,Uk,2-3 weeks,IphoneXs-Max,64GB,2018-09-14
Silver,Uk,1-2 weeks,IphoneXs-Max,256GB,2018-09-14
Silver,Uk,2-3 weeks,IphoneXs-Max,512GB,2018-09-14
Gray,Uk,2-3 weeks,IphoneXs-Max,64GB,2018-09-14
Gray,Uk,1-2 weeks,IphoneXs-Max,256GB,2018-09-14
Gray,Uk,2-3 weeks,IphoneXs-Max,512GB,2018-09-14
Gold,Uk,2-3 weeks,IphoneXs-Max,64GB,2018-09-14
Gold,Uk,1-2 weeks,IphoneXs-Max,256GB,2018-09-14
Gold,Uk,2-3 weeks,IphoneXs-Max,512GB,2018-09-14
Silver,De,2–3 Wochen,IphoneXs-Max,64GB,2018-09-14
Silver,De,Lieferung am 21.9.,IphoneXs-Max,256GB,2018-09-14
Silver,De,Lieferung am 21.9.,IphoneXs-Max,512GB,2018-09-14
Gray,De,2–3 Wochen,IphoneXs-Max,64GB,2018-09-14
Gray,De,1–2 Wochen,IphoneXs-Max,256GB,2018-09-14
Gray,De,Lieferung am 21.9.,IphoneXs-Max,512GB,2018-09-14
Gold,De,2–3 Wochen,IphoneXs-Max,64GB,2018-09-14
Gold,De,Lieferung am 21.9.,IphoneXs-Max,256GB,2018-09-14
Gold,De,Lieferung am 21.9.,IphoneXs-Max,512GB,2018-09-14
Silver,Ru,В настоящее время недоступно,IphoneXs-Max,64GB,2018-09-14
Silver,Ru,В настоящее время недоступно,IphoneXs-Max,256GB,2018-09-14
Silver,Ru,В настоящее время недоступно,IphoneXs-Max,512GB,2018-09-14
Gray,Ru,В настоящее время недоступно,IphoneXs-Max,64GB,2018-09-14
Gray,Ru,В настоящее время недоступно,IphoneXs-Max,256GB,2018-09-14
Gray,Ru,В настоящее время недоступно,IphoneXs-Max,512GB,2018-09-14
Gold,Ru,В настоящее время недоступно,IphoneXs-Max,64GB,2018-09-14
Gold,Ru,В настоящее время недоступно,IphoneXs-Max,256GB,2018-09-14
Gold,Ru,В настоящее время недоступно,IphoneXs-Max,512GB,2018-09-14
Silver,Fr,2 à 3 semaines,IphoneXs-Max,64GB,2018-09-14
Silver,Fr,Livraison le 21/9,IphoneXs-Max,256GB,2018-09-14
Silver,Fr,Livraison le 21/9,IphoneXs-Max,512GB,2018-09-14
Gray,Fr,2 à 3 semaines,IphoneXs-Max,64GB,2018-09-14
Gray,Fr,1 à 2 semaines,IphoneXs-Max,256GB,2018-09-14
Gray,Fr,Livraison le 21/9,IphoneXs-Max,512GB,2018-09-14
Gold,Fr,2 à 3 semaines,IphoneXs-Max,64GB,2018-09-14
Gold,Fr,Livraison le 21/9,IphoneXs-Max,256GB,2018-09-14
Gold,Fr,Livraison le 21/9,IphoneXs-Max,512GB,2018-09-14
Silver,Sg,Delivers 21 Sep,IphoneXs-Max,64GB,2018-09-14
Silver,Sg,Delivers 21 Sep,IphoneXs-Max,256GB,2018-09-14
Silver,Sg,Delivers 21 Sep,IphoneXs-Max,512GB,2018-09-14
Gray,Sg,Delivers 21 Sep,IphoneXs-Max,64GB,2018-09-14
Gray,Sg,1-2 weeks,IphoneXs-Max,256GB,2018-09-14
Gray,Sg,2-3 weeks,IphoneXs-Max,512GB,2018-09-14
Gold,Sg,1-2 weeks,IphoneXs-Max,64GB,2018-09-14
Gold,Sg,1-2 weeks,IphoneXs-Max,256GB,2018-09-14
Gold,Sg,2-3 weeks,IphoneXs-Max,512GB,2018-09-14
Silver,Tw,1-2 週,IphoneXs,64GB,2018-09-14
Silver,Tw,1-2 週,IphoneXs,256GB,2018-09-14
Silver,Tw,1-2 週,IphoneXs,512GB,2018-09-14
Gray,Tw,1-2 週,IphoneXs,64GB,2018-09-14
Gray,Tw,1-2 週,IphoneXs,256GB,2018-09-14
Gray,Tw,1-2 週,IphoneXs,512GB,2018-09-14
Gold,Tw,部分地區 9 月 21 日送達,IphoneXs,64GB,2018-09-14
Gold,Tw,1-2 週,IphoneXs,256GB,2018-09-14
Gold,Tw,部分地區 9 月 21 日送達,IphoneXs,512GB,2018-09-14
Silver,Cn,1-2 周,IphoneXs,64GB,2018-09-14
Silver,Cn,2-3 周,IphoneXs,256GB,2018-09-14
Silver,Cn,1-2 周,IphoneXs,512GB,2018-09-14
Gray,Cn,1-2 周,IphoneXs,64GB,2018-09-14
Gray,Cn,2-3 周,IphoneXs,256GB,2018-09-14
Gray,Cn,2-3 周,IphoneXs,512GB,2018-09-14
Gold,Cn,9 月 21 日送达 (仅限部分地区),IphoneXs,64GB,2018-09-14
Gold,Cn,9 月 21 日送达 (仅限部分地区),IphoneXs,256GB,2018-09-14
Gold,Cn,1-2 周,IphoneXs,512GB,2018-09-14
Silver,Jp,9/21にお届け,IphoneXs,64GB,2018-09-14
Silver,Jp,9/21にお届け,IphoneXs,256GB,2018-09-14
Silver,Jp,1〜2週間,IphoneXs,512GB,2018-09-14
Gray,Jp,9/21にお届け,IphoneXs,64GB,2018-09-14
Gray,Jp,1〜2週間,IphoneXs,256GB,2018-09-14
Gray,Jp,1〜2週間,IphoneXs,512GB,2018-09-14
Gold,Jp,9/21にお届け,IphoneXs,64GB,2018-09-14
Gold,Jp,9/21にお届け,IphoneXs,256GB,2018-09-14
Gold,Jp,1〜2週間,IphoneXs,512GB,2018-09-14
Silver,Hk,21/09/2018 - 26/09/2018,IphoneXs,64GB,2018-09-14
Silver,Hk,22/09/2018 - 03/10/2018,IphoneXs,256GB,2018-09-14
Silver,Hk,22/09/2018 - 03/10/2018,IphoneXs,512GB,2018-09-14
Gray,Hk,21/09/2018 - 26/09/2018,IphoneXs,64GB,2018-09-14
Gray,Hk,22/09/2018 - 03/10/2018,IphoneXs,256GB,2018-09-14
Gray,Hk,22/09/2018 - 03/10/2018,IphoneXs,512GB,2018-09-14
Gold,Hk,21/09/2018 - 26/09/2018,IphoneXs,64GB,2018-09-14
Gold,Hk,21/09/2018 - 26/09/2018,IphoneXs,256GB,2018-09-14
Gold,Hk,21/09/2018 - 26/09/2018,IphoneXs,512GB,2018-09-14
Silver,Uk,Delivers 21 Sep,IphoneXs,64GB,2018-09-14
Silver,Uk,Delivers 21 Sep,IphoneXs,256GB,2018-09-14
Silver,Uk,Delivers 21 Sep,IphoneXs,512GB,2018-09-14
Gray,Uk,1-2 weeks,IphoneXs,64GB,2018-09-14
Gray,Uk,Delivers 21 Sep,IphoneXs,256GB,2018-09-14
Gray,Uk,Delivers 21 Sep,IphoneXs,512GB,2018-09-14
Gold,Uk,Delivers 21 Sep,IphoneXs,64GB,2018-09-14
Gold,Uk,Delivers 21 Sep,IphoneXs,256GB,2018-09-14
Gold,Uk,Delivers 21 Sep,IphoneXs,512GB,2018-09-14
Silver,De,Lieferung am 21.9.,IphoneXs,64GB,2018-09-14
Silver,De,Lieferung am 21.9.,IphoneXs,256GB,2018-09-14
Silver,De,Lieferung am 21.9.,IphoneXs,512GB,2018-09-14
Gray,De,1–2 Wochen,IphoneXs,64GB,2018-09-14
Gray,De,Lieferung am 21.9.,IphoneXs,256GB,2018-09-14
Gray,De,Lieferung am 21.9.,IphoneXs,512GB,2018-09-14
Gold,De,Lieferung am 21.9.,IphoneXs,64GB,2018-09-14
Gold,De,Lieferung am 21.9.,IphoneXs,256GB,2018-09-14
Gold,De,Lieferung am 21.9.,IphoneXs,512GB,2018-09-14
Silver,Ru,В настоящее время недоступно,IphoneXs,64GB,2018-09-14
Silver,Ru,В настоящее время недоступно,IphoneXs,256GB,2018-09-14
Silver,Ru,В настоящее время недоступно,IphoneXs,512GB,2018-09-14
Gray,Ru,В настоящее время недоступно,IphoneXs,64GB,2018-09-14
Gray,Ru,В настоящее время недоступно,IphoneXs,256GB,2018-09-14
Gray,Ru,В настоящее время недоступно,IphoneXs,512GB,2018-09-14
Gold,Ru,В настоящее время недоступно,IphoneXs,64GB,2018-09-14
Gold,Ru,В настоящее время недоступно,IphoneXs,256GB,2018-09-14
Gold,Ru,В настоящее время недоступно,IphoneXs,512GB,2018-09-14
Silver,Fr,Livraison le 21/9,IphoneXs,64GB,2018-09-14
Silver,Fr,Livraison le 21/9,IphoneXs,256GB,2018-09-14
Silver,Fr,Livraison le 21/9,IphoneXs,512GB,2018-09-14
Gray,Fr,1 à 2 semaines,IphoneXs,64GB,2018-09-14
Gray,Fr,Livraison le 21/9,IphoneXs,256GB,2018-09-14
Gray,Fr,Livraison le 21/9,IphoneXs,512GB,2018-09-14
Gold,Fr,Livraison le 21/9,IphoneXs,64GB,2018-09-14
Gold,Fr,Livraison le 21/9,IphoneXs,256GB,2018-09-14
Gold,Fr,Livraison le 21/9,IphoneXs,512GB,2018-09-14
Silver,Sg,Delivers 21 Sep,IphoneXs,64GB,2018-09-14
Silver,Sg,Delivers 21 Sep,IphoneXs,256GB,2018-09-14
Silver,Sg,Delivers 21 Sep,IphoneXs,512GB,2018-09-14
Gray,Sg,Delivers 21 Sep,IphoneXs,64GB,2018-09-14
Gray,Sg,Delivers 21 Sep,IphoneXs,256GB,2018-09-14
Gray,Sg,Delivers 21 Sep,IphoneXs,512GB,2018-09-14
Gold,Sg,Delivers 21 Sep,IphoneXs,64GB,2018-09-14
Gold,Sg,Delivers 21 Sep,IphoneXs,256GB,2018-09-14
Gold,Sg,Delivers 21 Sep,IphoneXs,512GB,2018-09-14
White,Tw,暫未發售,IphoneXr,64GB,2018-09-14
White,Tw,暫未發售,IphoneXr,128GB,2018-09-14
White,Tw,暫未發售,IphoneXr,256GB,2018-09-14
Black,Tw,暫未發售,IphoneXr,64GB,2018-09-14
Black,Tw,暫未發售,IphoneXr,128GB,2018-09-14
Black,Tw,暫未發售,IphoneXr,256GB,2018-09-14
Blue,Tw,暫未發售,IphoneXr,64GB,2018-09-14
Blue,Tw,暫未發售,IphoneXr,128GB,2018-09-14
Blue,Tw,暫未發售,IphoneXr,256GB,2018-09-14
Yellow,Tw,暫未發售,IphoneXr,64GB,2018-09-14
Yellow,Tw,暫未發售,IphoneXr,128GB,2018-09-14
Yellow,Tw,暫未發售,IphoneXr,256GB,2018-09-14
Coral,Tw,暫未發售,IphoneXr,64GB,2018-09-14
Coral,Tw,暫未發售,IphoneXr,128GB,2018-09-14
Coral,Tw,暫未發售,IphoneXr,256GB,2018-09-14
Red,Tw,暫未發售,IphoneXr,64GB,2018-09-14
Red,Tw,暫未發售,IphoneXr,128GB,2018-09-14
Red,Tw,暫未發售,IphoneXr,256GB,2018-09-14
White,Cn,暂未发售,IphoneXr,64GB,2018-09-14
White,Cn,暂未发售,IphoneXr,128GB,2018-09-14
White,Cn,暂未发售,IphoneXr,256GB,2018-09-14
Black,Cn,暂未发售,IphoneXr,64GB,2018-09-14
Black,Cn,暂未发售,IphoneXr,128GB,2018-09-14
Black,Cn,暂未发售,IphoneXr,256GB,2018-09-14
Blue,Cn,暂未发售,IphoneXr,64GB,2018-09-14
Blue,Cn,暂未发售,IphoneXr,128GB,2018-09-14
Blue,Cn,暂未发售,IphoneXr,256GB,2018-09-14
Yellow,Cn,暂未发售,IphoneXr,64GB,2018-09-14
Yellow,Cn,暂未发售,IphoneXr,128GB,2018-09-14
Yellow,Cn,暂未发售,IphoneXr,256GB,2018-09-14
Coral,Cn,暂未发售,IphoneXr,64GB,2018-09-14
Coral,Cn,暂未发售,IphoneXr,128GB,2018-09-14
Coral,Cn,暂未发售,IphoneXr,256GB,2018-09-14
Red,Cn,暂未发售,IphoneXr,64GB,2018-09-14
Red,Cn,暂未发售,IphoneXr,128GB,2018-09-14
Red,Cn,暂未发售,IphoneXr,256GB,2018-09-14
White,Jp,現在注文できません,IphoneXr,64GB,2018-09-14
White,Jp,現在注文できません,IphoneXr,128GB,2018-09-14
White,Jp,現在注文できません,IphoneXr,256GB,2018-09-14
Black,Jp,現在注文できません,IphoneXr,64GB,2018-09-14
Black,Jp,現在注文できません,IphoneXr,128GB,2018-09-14
Black,Jp,現在注文できません,IphoneXr,256GB,2018-09-14
Blue,Jp,現在注文できません,IphoneXr,64GB,2018-09-14
Blue,Jp,現在注文できません,IphoneXr,128GB,2018-09-14
Blue,Jp,現在注文できません,IphoneXr,256GB,2018-09-14
Yellow,Jp,現在注文できません,IphoneXr,64GB,2018-09-14
Yellow,Jp,現在注文できません,IphoneXr,128GB,2018-09-14
Yellow,Jp,現在注文できません,IphoneXr,256GB,2018-09-14
Coral,Jp,現在注文できません,IphoneXr,64GB,2018-09-14
Coral,Jp,現在注文できません,IphoneXr,128GB,2018-09-14
Coral,Jp,現在注文できません,IphoneXr,256GB,2018-09-14
Red,Jp,現在注文できません,IphoneXr,64GB,2018-09-14
Red,Jp,現在注文できません,IphoneXr,128GB,2018-09-14
Red,Jp,現在注文できません,IphoneXr,256GB,2018-09-14
White,Hk,Currently unavailable,IphoneXr,64GB,2018-09-14
White,Hk,Currently unavailable,IphoneXr,128GB,2018-09-14
White,Hk,Currently unavailable,IphoneXr,256GB,2018-09-14
Black,Hk,Currently unavailable,IphoneXr,64GB,2018-09-14
Black,Hk,Currently unavailable,IphoneXr,128GB,2018-09-14
Black,Hk,Currently unavailable,IphoneXr,256GB,2018-09-14
Blue,Hk,Currently unavailable,IphoneXr,64GB,2018-09-14
Blue,Hk,Currently unavailable,IphoneXr,128GB,2018-09-14
Blue,Hk,Currently unavailable,IphoneXr,256GB,2018-09-14
Yellow,Hk,Currently unavailable,IphoneXr,64GB,2018-09-14
Yellow,Hk,Currently unavailable,IphoneXr,128GB,2018-09-14
Yellow,Hk,Currently unavailable,IphoneXr,256GB,2018-09-14
Coral,Hk,Currently unavailable,IphoneXr,64GB,2018-09-14
Coral,Hk,Currently unavailable,IphoneXr,128GB,2018-09-14
Coral,Hk,Currently unavailable,IphoneXr,256GB,2018-09-14
Red,Hk,Currently unavailable,IphoneXr,64GB,2018-09-14
Red,Hk,Currently unavailable,IphoneXr,128GB,2018-09-14
Red,Hk,Currently unavailable,IphoneXr,256GB,2018-09-14
White,Uk,Currently unavailable,IphoneXr,64GB,2018-09-14
White,Uk,Currently unavailable,IphoneXr,128GB,2018-09-14
White,Uk,Currently unavailable,IphoneXr,256GB,2018-09-14
Black,Uk,Currently unavailable,IphoneXr,64GB,2018-09-14
Black,Uk,Currently unavailable,IphoneXr,128GB,2018-09-14
Black,Uk,Currently unavailable,IphoneXr,256GB,2018-09-14
Blue,Uk,Currently unavailable,IphoneXr,64GB,2018-09-14
Blue,Uk,Currently unavailable,IphoneXr,128GB,2018-09-14
Blue,Uk,Currently unavailable,IphoneXr,256GB,2018-09-14
Yellow,Uk,Currently unavailable,IphoneXr,64GB,2018-09-14
Yellow,Uk,Currently unavailable,IphoneXr,128GB,2018-09-14
Yellow,Uk,Currently unavailable,IphoneXr,256GB,2018-09-14
Coral,Uk,Currently unavailable,IphoneXr,64GB,2018-09-14
Coral,Uk,Currently unavailable,IphoneXr,128GB,2018-09-14
Coral,Uk,Currently unavailable,IphoneXr,256GB,2018-09-14
Red,Uk,Currently unavailable,IphoneXr,64GB,2018-09-14
Red,Uk,Currently unavailable,IphoneXr,128GB,2018-09-14
Red,Uk,Currently unavailable,IphoneXr,256GB,2018-09-14
White,De,Derzeit nicht verfügbar,IphoneXr,64GB,2018-09-14
White,De,Derzeit nicht verfügbar,IphoneXr,128GB,2018-09-14
White,De,Derzeit nicht verfügbar,IphoneXr,256GB,2018-09-14
Black,De,Derzeit nicht verfügbar,IphoneXr,64GB,2018-09-14
Black,De,Derzeit nicht verfügbar,IphoneXr,128GB,2018-09-14
Black,De,Derzeit nicht verfügbar,IphoneXr,256GB,2018-09-14
Blue,De,Derzeit nicht verfügbar,IphoneXr,64GB,2018-09-14
Blue,De,Derzeit nicht verfügbar,IphoneXr,128GB,2018-09-14
Blue,De,Derzeit nicht verfügbar,IphoneXr,256GB,2018-09-14
Yellow,De,Derzeit nicht verfügbar,IphoneXr,64GB,2018-09-14
Yellow,De,Derzeit nicht verfügbar,IphoneXr,128GB,2018-09-14
Yellow,De,Derzeit nicht verfügbar,IphoneXr,256GB,2018-09-14
Coral,De,Derzeit nicht verfügbar,IphoneXr,64GB,2018-09-14
Coral,De,Derzeit nicht verfügbar,IphoneXr,128GB,2018-09-14
Coral,De,Derzeit nicht verfügbar,IphoneXr,256GB,2018-09-14
Red,De,Derzeit nicht verfügbar,IphoneXr,64GB,2018-09-14
Red,De,Derzeit nicht verfügbar,IphoneXr,128GB,2018-09-14
Red,De,Derzeit nicht verfügbar,IphoneXr,256GB,2018-09-14
White,Ru,В настоящее время недоступно,IphoneXr,64GB,2018-09-14
White,Ru,В настоящее время недоступно,IphoneXr,128GB,2018-09-14
White,Ru,В настоящее время недоступно,IphoneXr,256GB,2018-09-14
Black,Ru,В настоящее время недоступно,IphoneXr,64GB,2018-09-14
Black,Ru,В настоящее время недоступно,IphoneXr,128GB,2018-09-14
Black,Ru,В настоящее время недоступно,IphoneXr,256GB,2018-09-14
Blue,Ru,В настоящее время недоступно,IphoneXr,64GB,2018-09-14
Blue,Ru,В настоящее время недоступно,IphoneXr,128GB,2018-09-14
Blue,Ru,В настоящее время недоступно,IphoneXr,256GB,2018-09-14
Yellow,Ru,В настоящее время недоступно,IphoneXr,64GB,2018-09-14
Yellow,Ru,В настоящее время недоступно,IphoneXr,128GB,2018-09-14
Yellow,Ru,В настоящее время недоступно,IphoneXr,256GB,2018-09-14
Coral,Ru,В настоящее время недоступно,IphoneXr,64GB,2018-09-14
Coral,Ru,В настоящее время недоступно,IphoneXr,128GB,2018-09-14
Coral,Ru,В настоящее время недоступно,IphoneXr,256GB,2018-09-14
Red,Ru,В настоящее время недоступно,IphoneXr,64GB,2018-09-14
Red,Ru,В настоящее время недоступно,IphoneXr,128GB,2018-09-14
Red,Ru,В настоящее время недоступно,IphoneXr,256GB,2018-09-14
White,Fr,Non disponible actuellement,IphoneXr,64GB,2018-09-14
White,Fr,Non disponible actuellement,IphoneXr,128GB,2018-09-14
White,Fr,Non disponible actuellement,IphoneXr,256GB,2018-09-14
Black,Fr,Non disponible actuellement,IphoneXr,64GB,2018-09-14
Black,Fr,Non disponible actuellement,IphoneXr,128GB,2018-09-14
Black,Fr,Non disponible actuellement,IphoneXr,256GB,2018-09-14
Blue,Fr,Non disponible actuellement,IphoneXr,64GB,2018-09-14
Blue,Fr,Non disponible actuellement,IphoneXr,128GB,2018-09-14
Blue,Fr,Non disponible actuellement,IphoneXr,256GB,2018-09-14
Yellow,Fr,Non disponible actuellement,IphoneXr,64GB,2018-09-14
Yellow,Fr,Non disponible actuellement,IphoneXr,128GB,2018-09-14
Yellow,Fr,Non disponible actuellement,IphoneXr,256GB,2018-09-14
Coral,Fr,Non disponible actuellement,IphoneXr,64GB,2018-09-14
Coral,Fr,Non disponible actuellement,IphoneXr,128GB,2018-09-14
Coral,Fr,Non disponible actuellement,IphoneXr,256GB,2018-09-14
Red,Fr,Non disponible actuellement,IphoneXr,64GB,2018-09-14
Red,Fr,Non disponible actuellement,IphoneXr,128GB,2018-09-14
Red,Fr,Non disponible actuellement,IphoneXr,256GB,2018-09-14
White,Sg,Currently unavailable,IphoneXr,64GB,2018-09-14
White,Sg,Currently unavailable,IphoneXr,128GB,2018-09-14
White,Sg,Currently unavailable,IphoneXr,256GB,2018-09-14
Black,Sg,Currently unavailable,IphoneXr,64GB,2018-09-14
Black,Sg,Currently unavailable,IphoneXr,128GB,2018-09-14
Black,Sg,Currently unavailable,IphoneXr,256GB,2018-09-14
Blue,Sg,Currently unavailable,IphoneXr,64GB,2018-09-14
Blue,Sg,Currently unavailable,IphoneXr,128GB,2018-09-14
Blue,Sg,Currently unavailable,IphoneXr,256GB,2018-09-14
Yellow,Sg,Currently unavailable,IphoneXr,64GB,2018-09-14
Yellow,Sg,Currently unavailable,IphoneXr,128GB,2018-09-14
Yellow,Sg,Currently unavailable,IphoneXr,256GB,2018-09-14
Coral,Sg,Currently unavailable,IphoneXr,64GB,2018-09-14
Coral,Sg,Currently unavailable,IphoneXr,128GB,2018-09-14
Coral,Sg,Currently unavailable,IphoneXr,256GB,2018-09-14
Red,Sg,Currently unavailable,IphoneXr,64GB,2018-09-14
Red,Sg,Currently unavailable,IphoneXr,128GB,2018-09-14
Red,Sg,Currently unavailable,IphoneXr,256GB,2018-09-14
Silver,Tw,1 個工作天,Iphone8-plus,64GB,2018-09-14
Silver,Tw,1 個工作天,Iphone8-plus,256GB,2018-09-14
Gray,Tw,1 個工作天,Iphone8-plus,64GB,2018-09-14
Gray,Tw,1 個工作天,Iphone8-plus,256GB,2018-09-14
Gold,Tw,1 個工作天,Iphone8-plus,64GB,2018-09-14
Gold,Tw,1 個工作天,Iphone8-plus,256GB,2018-09-14
Silver,Cn,1 个工作日,Iphone8-plus,64GB,2018-09-14
Silver,Cn,1 个工作日,Iphone8-plus,256GB,2018-09-14
Gold,Cn,1 个工作日,Iphone8-plus,64GB,2018-09-14
Gold,Cn,1 个工作日,Iphone8-plus,256GB,2018-09-14
Gray,Cn,1 个工作日,Iphone8-plus,64GB,2018-09-14
Gray,Cn,1 个工作日,Iphone8-plus,256GB,2018-09-14
Silver,Jp,1営業日,Iphone8-plus,64GB,2018-09-14
Silver,Jp,1営業日,Iphone8-plus,512GB,2018-09-14
Gold,Jp,1営業日,Iphone8-plus,64GB,2018-09-14
Gold,Jp,1営業日,Iphone8-plus,512GB,2018-09-14
Gray,Jp,1営業日,Iphone8-plus,64GB,2018-09-14
Gray,Jp,1営業日,Iphone8-plus,512GB,2018-09-14
Silver,Hk,Tue 18/09/2018,Iphone8-plus,64GB,2018-09-14
Silver,Hk,Tue 18/09/2018,Iphone8-plus,256GB,2018-09-14
Gold,Hk,Tue 18/09/2018,Iphone8-plus,64GB,2018-09-14
Gold,Hk,Tue 18/09/2018,Iphone8-plus,256GB,2018-09-14
Gray,Hk,Tue 18/09/2018,Iphone8-plus,64GB,2018-09-14
Gray,Hk,Tue 18/09/2018,Iphone8-plus,256GB,2018-09-14
Silver,Uk,1 business day,Iphone8-plus,64GB,2018-09-14
Silver,Uk,1 business day,Iphone8-plus,256GB,2018-09-14
Gold,Uk,1 business day,Iphone8-plus,64GB,2018-09-14
Gold,Uk,1 business day,Iphone8-plus,256GB,2018-09-14
Gray,Uk,1 business day,Iphone8-plus,64GB,2018-09-14
Gray,Uk,1 business day,Iphone8-plus,256GB,2018-09-14
Silver,De,1 Werktag,Iphone8-plus,64GB,2018-09-14
Silver,De,1 Werktag,Iphone8-plus,256GB,2018-09-14
Gold,De,1 Werktag,Iphone8-plus,64GB,2018-09-14
Gold,De,1 Werktag,Iphone8-plus,256GB,2018-09-14
Gray,De,1 Werktag,Iphone8-plus,64GB,2018-09-14
Gray,De,1 Werktag,Iphone8-plus,256GB,2018-09-14
Silver,Ru,1 рабочий день,Iphone8-plus,64GB,2018-09-14
Silver,Ru,1 рабочий день,Iphone8-plus,256GB,2018-09-14
Gold,Ru,1 рабочий день,Iphone8-plus,64GB,2018-09-14
Gold,Ru,1 рабочий день,Iphone8-plus,256GB,2018-09-14
Gray,Ru,1 рабочий день,Iphone8-plus,64GB,2018-09-14
Gray,Ru,1 рабочий день,Iphone8-plus,256GB,2018-09-14
Silver,Fr,1 jour ouvrable,Iphone8-plus,64GB,2018-09-14
Silver,Fr,1 jour ouvrable,Iphone8-plus,256GB,2018-09-14
Gold,Fr,1 jour ouvrable,Iphone8-plus,64GB,2018-09-14
Gold,Fr,1 jour ouvrable,Iphone8-plus,256GB,2018-09-14
Gray,Fr,1 jour ouvrable,Iphone8-plus,64GB,2018-09-14
Gray,Fr,1 jour ouvrable,Iphone8-plus,256GB,2018-09-14
Silver,Sg,1 business day,Iphone8-plus,64GB,2018-09-14
Silver,Sg,1 business day,Iphone8-plus,256GB,2018-09-14
Gold,Sg,1 business day,Iphone8-plus,64GB,2018-09-14
Gold,Sg,1 business day,Iphone8-plus,256GB,2018-09-14
Gray,Sg,1 business day,Iphone8-plus,64GB,2018-09-14
Gray,Sg,1 business day,Iphone8-plus,256GB,2018-09-14
Silver,Tw,1 個工作天,Iphone8,64GB,2018-09-14
Silver,Tw,1 個工作天,Iphone8,256GB,2018-09-14
Gold,Tw,1 個工作天,Iphone8,64GB,2018-09-14
Gold,Tw,1 個工作天,Iphone8,256GB,2018-09-14
Gray,Tw,1 個工作天,Iphone8,64GB,2018-09-14
Gray,Tw,1 個工作天,Iphone8,256GB,2018-09-14
Silver,Cn,1 个工作日,Iphone8,64GB,2018-09-14
Silver,Cn,1 个工作日,Iphone8,256GB,2018-09-14
Gold,Cn,1 个工作日,Iphone8,64GB,2018-09-14
Gold,Cn,1 个工作日,Iphone8,256GB,2018-09-14
Gray,Cn,1 个工作日,Iphone8,64GB,2018-09-14
Gray,Cn,1 个工作日,Iphone8,256GB,2018-09-14
Silver,Jp,1営業日,Iphone8,64GB,2018-09-14
Silver,Jp,1営業日,Iphone8,256GB,2018-09-14
Gold,Jp,1営業日,Iphone8,64GB,2018-09-14
Gold,Jp,1営業日,Iphone8,256GB,2018-09-14
Gray,Jp,1営業日,Iphone8,64GB,2018-09-14
Gray,Jp,1営業日,Iphone8,256GB,2018-09-14
Silver,Hk,Wed 19/09/2018,Iphone8,64GB,2018-09-14
Silver,Hk,Wed 19/09/2018,Iphone8,256GB,2018-09-14
Gold,Hk,Wed 19/09/2018,Iphone8,64GB,2018-09-14
Gold,Hk,Wed 19/09/2018,Iphone8,256GB,2018-09-14
Gray,Hk,Wed 19/09/2018,Iphone8,64GB,2018-09-14
Gray,Hk,Wed 19/09/2018,Iphone8,256GB,2018-09-14
Silver,Uk,1 business day,Iphone8,64GB,2018-09-14
Silver,Uk,1 business day,Iphone8,256GB,2018-09-14
Gold,Uk,1 business day,Iphone8,64GB,2018-09-14
Gold,Uk,1 business day,Iphone8,256GB,2018-09-14
Gray,Uk,1 business day,Iphone8,64GB,2018-09-14
Gray,Uk,1 business day,Iphone8,256GB,2018-09-14
Silver,De,1 Werktag,Iphone8,64GB,2018-09-14
Silver,De,1 Werktag,Iphone8,256GB,2018-09-14
Gold,De,1 Werktag,Iphone8,64GB,2018-09-14
Gold,De,1 Werktag,Iphone8,256GB,2018-09-14
Gray,De,1 Werktag,Iphone8,64GB,2018-09-14
Gray,De,1 Werktag,Iphone8,256GB,2018-09-14
Silver,Ru,1 рабочий день,Iphone8,64GB,2018-09-14
Silver,Ru,1 рабочий день,Iphone8,256GB,2018-09-14
Gold,Ru,1 рабочий день,Iphone8,64GB,2018-09-14
Gold,Ru,1 рабочий день,Iphone8,256GB,2018-09-14
Gray,Ru,1 рабочий день,Iphone8,64GB,2018-09-14
Gray,Ru,1 рабочий день,Iphone8,256GB,2018-09-14
Silver,Fr,1 jour ouvrable,Iphone8,64GB,2018-09-14
Silver,Fr,1 jour ouvrable,Iphone8,256GB,2018-09-14
Gold,Fr,1 jour ouvrable,Iphone8,64GB,2018-09-14
Gold,Fr,1 jour ouvrable,Iphone8,256GB,2018-09-14
Gray,Fr,1 jour ouvrable,Iphone8,64GB,2018-09-14
Gray,Fr,1 jour ouvrable,Iphone8,256GB,2018-09-14
Silver,Sg,1 business day,Iphone8,64GB,2018-09-14
Silver,Sg,1 business day,Iphone8,256GB,2018-09-14
Gold,Sg,1 business day,Iphone8,64GB,2018-09-14
Gold,Sg,1 business day,Iphone8,256GB,2018-09-14
Gray,Sg,1 business day,Iphone8,64GB,2018-09-14
Gray,Sg,1 business day,Iphone8,256GB,2018-09-14
